{
  "modality_shap_pct": {
    "handwriting": 49.79999923706055,
    "oral": 30.899999618530273,
    "reaction": 19.299999237060547
  }
}